Type,HowtoUse,Interactions,URL,Allergies,Review,Use,Drug,Indication,Precautions,AvoidUse,Sides,Condition
 rx,,,,,1  User Reviews        ,,ampicillin injection, label,,,,Abdominal Pain and Frequent Stools with Blood & Mucous
 rx,,,,,1  User Reviews        ,,ampicillin intravenous, label,,,,Abdominal Pain and Frequent Stools with Blood & Mucous
 rx,,,,,3  User Reviews        ,,penicillin G sodium injection, label,,,,Abdominal Infection due to the Bacteria Actinomyces
 rx,,,,,2  User Reviews        ,,Pfizerpen-G injection, label,,,,Abdominal Infection due to the Bacteria Actinomyces
 rx,,,,,2  User Reviews        ,,penicillin G pot in dextrose intravenous, label,,,,Abdominal Infection due to the Bacteria Actinomyces
 rx,,,,,1  User Reviews        ,,penicillin G potassium injection, label,,,,Abdominal Infection due to the Bacteria Actinomyces
 rx,,,,,46  User Reviews        ,,Hizentra subcutaneous, label,,,,Absence of Gamma Globulins in the Blood
 rx,,,,,13  User Reviews        ,,Octagam intravenous, offlabel,,,,Absence of Gamma Globulins in the Blood
 rx,,,,,11  User Reviews        ,,Privigen intravenous, label,,,,Absence of Gamma Globulins in the Blood
 rx,,,,,9  User Reviews        ,,Gammagard Liquid injection, label,,,,Absence of Gamma Globulins in the Blood
 rx,,,,,6  User Reviews        ,,Flebogamma DIF intravenous, label,,,,Absence of Gamma Globulins in the Blood
 rx,,,,,5  User Reviews        ,,HyQvia subcutaneous, label,,,,Absence of Gamma Globulins in the Blood
 rx,,,,,2  User Reviews        ,,Gammagard S-D (IgA < 1 mcg/mL) intravenous, label,,,,Absence of Gamma Globulins in the Blood
 rx,,,,,2  User Reviews        ,,Gamunex-C injection, label,,,,Absence of Gamma Globulins in the Blood
 rx,,,,,1  User Reviews        ,,"immune globul,gamma(IgG)-malt-IgA over 50 mcg/mL intravenous", offlabel,,,,Absence of Gamma Globulins in the Blood
 rx,,,,,1  User Reviews        ,,Carimune NF Nanofiltered intravenous, label,,,,Absence of Gamma Globulins in the Blood
 rx,,,,,1  User Reviews        ,,Gammaplex intravenous, label,,,,Absence of Gamma Globulins in the Blood
 rx,,,,,1  User Reviews        ,,Gammaked injection, label,,,,Absence of Gamma Globulins in the Blood
 rx,,,,,1  User Reviews        ,,Bivigam intravenous, label,,,,Absence of Gamma Globulins in the Blood
 rx,,,,,Be the first to review it,,"IgG-hyaluronidase,recombinant subcutaneous", label,,,,Absence of Gamma Globulins in the Blood
 rx,,,,,Be the first to review it,,"immune globul,gamma(IgG)-sorb-IgA 0 to 50 mcg/mL intravenous", label,,,,Absence of Gamma Globulins in the Blood
 rx,,,,,Be the first to review it,,"immune glob,gam(IgG)-sorb-gly-IgA 0 to 50 mcg/mL intravenous", label,,,,Absence of Gamma Globulins in the Blood
 rx,,,,,Be the first to review it,,"immune globuln,gamma(IgG)-gly-IgA over 50 mcg/mL intravenous", label,,,,Absence of Gamma Globulins in the Blood
 rx,,,,,Be the first to review it,,"immune globul,gamma(IgG)-sorb-IgA over 50 mcg/mL intravenous", label,,,,Absence of Gamma Globulins in the Blood
 rx,,,,,Be the first to review it,,"immune globulin,gamma (IgG)-gly-IgA over 50 mcg/mL injection", label,,,,Absence of Gamma Globulins in the Blood
 rx,,,,,Be the first to review it,,"immune globul,gamma(IgG)-prol-IgA 0 to 50 mcg/mL intravenous", label,,,,Absence of Gamma Globulins in the Blood
 rx,,,,,Be the first to review it,,"immune globul,gamma(IgG)-sucr-IgA over 50 mcg/mL intravenous", label,,,,Absence of Gamma Globulins in the Blood
 rx,,,,,Be the first to review it,,"immune glob,gam(IgG)-gly-gluc-IgA 0 to 50 mcg/mL intravenous", label,,,,Absence of Gamma Globulins in the Blood
 rx,,,,,Be the first to review it,,"immune globu,gamma(IgG)-prol-IgA 0 to 50 mcg/mL subcutaneous", label,,,,Absence of Gamma Globulins in the Blood
 rx,,,,,Be the first to review it,,"immune globulin,gamma(IgG)-glyc-IgA 0-50 mcg/mL subcutaneous", label,,,,Absence of Gamma Globulins in the Blood
 rx,,,,,Be the first to review it,,HyQvia IG Component subcutaneous, label,,,,Absence of Gamma Globulins in the Blood
 rx,,,,,Be the first to review it,,fibrinogen intravenous, label,,,,Absence of Fibrinogen in the Plasma
 rx,,,,,Be the first to review it,,RiaSTAP intravenous, label,,,,Absence of Fibrinogen in the Plasma
 rx,,,,,620  User Reviews        ,,Coumadin oral, offlabel,,,,Abnormal Increase in Ability of Blood to Clot
 rx,,,,,502  User Reviews        ,,warfarin oral, offlabel,,,,Abnormal Increase in Ability of Blood to Clot
 rx,,,,,14  User Reviews        ,,Jantoven oral, offlabel,,,,Abnormal Increase in Ability of Blood to Clot
 rx,,,,,36  User Reviews        ,,Botox injection, label,,,,Abnormality causing Eyes Not To Look In Same Direction
 rx,,,,,28  User Reviews        ,,Botox Cosmetic intramuscular, label,,,,Abnormality causing Eyes Not To Look In Same Direction
 rx,,,,,8  User Reviews        ,,Botox Cosmetic injection, label,,,,Abnormality causing Eyes Not To Look In Same Direction
 rx,,,,,1  User Reviews        ,,onabotulinumtoxinA intramuscular, label,,,,Abnormality causing Eyes Not To Look In Same Direction
 rx,,,,,Be the first to review it,,onabotulinumtoxinA injection, label,,,,Abnormality causing Eyes Not To Look In Same Direction
 rx,,,,,1  User Reviews        ,,cefoxitin in dextrose 3.9 % intravenous, label,,,,Abscess of the Lung due to Staphylococcus Bacteria
 rx,,,,,1  User Reviews        ,,cefoxitin intravenous, label,,,,Abscess of the Lung due to Staphylococcus Bacteria
 rx,,,,,Be the first to review it,,Mefoxin in dextrose (iso-osmotic) intravenous, label,,,,Abscess of the Lung due to Staphylococcus Bacteria
 rx,,,,,Be the first to review it,,cefoxitin in dextrose 2.2 % intravenous, label,,,,Abscess of the Lung due to Staphylococcus Bacteria
 rx,,,,,Be the first to review it,,"cefoxitin in dextrose, iso-osmotic intravenous", label,,,,Abscess of the Lung due to Staphylococcus Bacteria
 rx,,,,,1  User Reviews        ,,cefoxitin in dextrose 3.9 % intravenous, label,,,,Abscess of the Lung caused by Streptococcus Bacteria
 rx,,,,,1  User Reviews        ,,cefoxitin intravenous, label,,,,Abscess of the Lung caused by Streptococcus Bacteria
 rx,,,,,Be the first to review it,,Mefoxin in dextrose (iso-osmotic) intravenous, label,,,,Abscess of the Lung caused by Streptococcus Bacteria
 rx,,,,,Be the first to review it,,cefoxitin in dextrose 2.2 % intravenous, label,,,,Abscess of the Lung caused by Streptococcus Bacteria
 rx,,,,,Be the first to review it,,"cefoxitin in dextrose, iso-osmotic intravenous", label,,,,Abscess of the Lung caused by Streptococcus Bacteria
 rx,,,,,1  User Reviews        ,,Hespan 6 % in NS intravenous, label,,,,Adjunct to White Blood Cell Removal Procedure
 rx,,,,,1  User Reviews        ,,hetastarch 6 % in 0.9 % sodium chloride intravenous, label,,,,Adjunct to White Blood Cell Removal Procedure
 rx,,,,,1076  User Reviews        ,,Synthroid oral, label,,,,Additional Treatment for Thyroid Cancer
 rx,,,,,1037  User Reviews        ,,levothyroxine oral, label,,,,Additional Treatment for Thyroid Cancer
 rx,,,,,367  User Reviews        ,,Armour Thyroid oral, offlabel,,,,Additional Treatment for Thyroid Cancer
 rx,,,,,153  User Reviews        ,,Levoxyl oral, label,,,,Additional Treatment for Thyroid Cancer
 rx,,,,,109  User Reviews        ,,Cytomel oral, label,,,,Additional Treatment for Thyroid Cancer
 rx,,,,,76  User Reviews        ,,Tirosint oral, label,,,,Additional Treatment for Thyroid Cancer
 rx,,,,,55  User Reviews        ,,Nature-Throid oral, offlabel,,,,Additional Treatment for Thyroid Cancer
 rx,,,,,48  User Reviews        ,,liothyronine oral, label,,,,Additional Treatment for Thyroid Cancer
 rx,,,,,46  User Reviews        ,,NP Thyroid oral, offlabel,,,,Additional Treatment for Thyroid Cancer
 rx,,,,,20  User Reviews        ,,WP Thyroid oral, offlabel,,,,Additional Treatment for Thyroid Cancer
 rx,,,,,14  User Reviews        ,,Unithroid oral, label,,,,Additional Treatment for Thyroid Cancer
 rx,,,,,10  User Reviews        ,,Thyrogen intramuscular, label,,,,Additional Treatment for Thyroid Cancer
 rx,,,,,8  User Reviews        ,,Thyrolar-1 oral, label,,,,Additional Treatment for Thyroid Cancer
 rx,,,,,7  User Reviews        ,,Westhroid oral, offlabel,,,,Additional Treatment for Thyroid Cancer
 rx,,,,,5  User Reviews        ,,Thyrolar-3 oral, label,,,,Additional Treatment for Thyroid Cancer
 rx,,,,,5  User Reviews        ,,Thyrolar-2 oral, label,,,,Additional Treatment for Thyroid Cancer
 rx,,,,,4  User Reviews        ,,thyroid (pork) oral, offlabel,,,,Additional Treatment for Thyroid Cancer
 rx,,,,,4  User Reviews        ,,doxorubicin intravenous, label,,,,Additional Treatment for Thyroid Cancer
 rx,,,,,1  User Reviews        ,,liotrix oral, label,,,,Additional Treatment for Thyroid Cancer
 rx,,,,,1  User Reviews        ,,Thyrolar-1/2 oral, label,,,,Additional Treatment for Thyroid Cancer
 rx,,,,,Be the first to review it,,Thyrolar-1/4 oral, label,,,,Additional Treatment for Thyroid Cancer
 rx,,,,,Be the first to review it,,Levo-T oral, label,,,,Additional Treatment for Thyroid Cancer
 rx,,,,,Be the first to review it,,thyrotropin alfa intramuscular, label,,,,Additional Treatment for Thyroid Cancer
 rx,,,,,Be the first to review it,,sodium iodide-131 (I-131) oral, label,,,,Additional Treatment for Thyroid Cancer
 rx,,,,,Be the first to review it,,Hicon oral, label,,,,Additional Treatment for Thyroid Cancer
 rx,,,,,4  User Reviews        ,,Soliris intravenous, label,,,,Atypical Hemolytic Uremic Syndrome
 rx,,,,,2  User Reviews        ,,eculizumab intravenous, label,,,,Atypical Hemolytic Uremic Syndrome
 rx,,,,,77  User Reviews        ,,Procrit injection, label,,,,Anemia in Non-Dialysis-Dependent Chronic Kidney Disease
 rx,,,,,67  User Reviews        ,,Venofer intravenous, label,,,,Anemia in Non-Dialysis-Dependent Chronic Kidney Disease
 rx,,,,,31  User Reviews        ,,Feraheme intravenous, label,,,,Anemia in Non-Dialysis-Dependent Chronic Kidney Disease
 rx,,,,,23  User Reviews        ,,iron sucrose intravenous, label,,,,Anemia in Non-Dialysis-Dependent Chronic Kidney Disease
 rx,,,,,19  User Reviews        ,,Epogen injection, label,,,,Anemia in Non-Dialysis-Dependent Chronic Kidney Disease
 rx,,,,,19  User Reviews        ,,Infed injection, label,,,,Anemia in Non-Dialysis-Dependent Chronic Kidney Disease
 rx,,,,,7  User Reviews        ,,Injectafer intravenous, label,,,,Anemia in Non-Dialysis-Dependent Chronic Kidney Disease
 rx,,,,,6  User Reviews        ,,Aranesp (in polysorbate) injection, label,,,,Anemia in Non-Dialysis-Dependent Chronic Kidney Disease
 rx,,,,,5  User Reviews        ,,epoetin alfa injection, label,,,,Anemia in Non-Dialysis-Dependent Chronic Kidney Disease
 rx,,,,,1  User Reviews        ,,Androxy oral, offlabel,,,,Anemia in Non-Dialysis-Dependent Chronic Kidney Disease
 rx,,,,,1  User Reviews        ,,darbepoetin alfa in polysorbate injection, label,,,,Anemia in Non-Dialysis-Dependent Chronic Kidney Disease
 rx,,,,,1  User Reviews        ,,ferumoxytol intravenous, label,,,,Anemia in Non-Dialysis-Dependent Chronic Kidney Disease
 rx,,,,,Be the first to review it,,"epoetin beta, methoxy polyethylene glycol injection", label,,,,Anemia in Non-Dialysis-Dependent Chronic Kidney Disease
 rx,,,,,Be the first to review it,,Mircera injection, label,,,,Anemia in Non-Dialysis-Dependent Chronic Kidney Disease
 rx,,,,,Be the first to review it,,ferric carboxymaltose intravenous, label,,,,Anemia in Non-Dialysis-Dependent Chronic Kidney Disease
 rx,,,,,7  User Reviews        ,,Zyprexa intramuscular, label,,,,Agitation associated with Bipolar Mania
 rx,,,,,4  User Reviews        ,,olanzapine intramuscular, label,,,,Agitation associated with Bipolar Mania
 rx,,,,,2  User Reviews        ,,aripiprazole intramuscular, label,,,,Agitation associated with Bipolar Mania
 rx,,,,,18  User Reviews        ,,Geodon intramuscular, label,,,,Agitation associated with Schizophrenia
 rx,,,,,7  User Reviews        ,,Zyprexa intramuscular, label,,,,Agitation associated with Schizophrenia
 rx,,,,,4  User Reviews        ,,olanzapine intramuscular, label,,,,Agitation associated with Schizophrenia
 rx,,,,,2  User Reviews        ,,aripiprazole intramuscular, label,,,,Agitation associated with Schizophrenia
 rx,,,,,1  User Reviews        ,,ziprasidone mesylate intramuscular, label,,,,Agitation associated with Schizophrenia
 rx,,,,,133  User Reviews        ,,Avastin intravenous, offlabel,,,,Age-Related Wet Macular Degeneration
 rx,,,,,43  User Reviews        ,,Lucentis intravitreal, label,,,,Age-Related Wet Macular Degeneration
 rx,,,,,14  User Reviews        ,,Eylea intravitreal, label,,,,Age-Related Wet Macular Degeneration
 rx,,,,,5  User Reviews        ,,bevacizumab intravenous, offlabel,,,,Age-Related Wet Macular Degeneration
 rx,,,,,3  User Reviews        ,,Visudyne intravenous, label,,,,Age-Related Wet Macular Degeneration
 rx,,,,,1  User Reviews        ,,Macugen intravitreal, label,,,,Age-Related Wet Macular Degeneration
 rx,,,,,1  User Reviews        ,,ranibizumab intravitreal, label,,,,Age-Related Wet Macular Degeneration
 rx,,,,,Be the first to review it,,verteporfin intravenous, label,,,,Age-Related Wet Macular Degeneration
 rx,,,,,Be the first to review it,,pegaptanib intravitreal, label,,,,Age-Related Wet Macular Degeneration
 rx,,,,,Be the first to review it,,aflibercept intravitreal, label,,,,Age-Related Wet Macular Degeneration
 rx,,,,,28  User Reviews        ,,itraconazole oral, offlabel,,,,Aggressive Fungal Infection - Invasive Aspergillosis
 rx,,,,,19  User Reviews        ,,Sporanox oral, offlabel,,,,Aggressive Fungal Infection - Invasive Aspergillosis
 rx,,,,,16  User Reviews        ,,Vfend oral, label,,,,Aggressive Fungal Infection - Invasive Aspergillosis
 rx,,,,,9  User Reviews        ,,voriconazole oral, label,,,,Aggressive Fungal Infection - Invasive Aspergillosis
 rx,,,,,6  User Reviews        ,,amphotericin B injection, label,,,,Aggressive Fungal Infection - Invasive Aspergillosis
 rx,,,,,4  User Reviews        ,,amphotericin B lipid complex intravenous, label,,,,Aggressive Fungal Infection - Invasive Aspergillosis
 rx,,,,,2  User Reviews        ,,Abelcet intravenous, label,,,,Aggressive Fungal Infection - Invasive Aspergillosis
 rx,,,,,2  User Reviews        ,,Cancidas intravenous, label,,,,Aggressive Fungal Infection - Invasive Aspergillosis
 rx,,,,,1  User Reviews        ,,caspofungin intravenous, label,,,,Aggressive Fungal Infection - Invasive Aspergillosis
 rx,,,,,1  User Reviews        ,,voriconazole intravenous, label,,,,Aggressive Fungal Infection - Invasive Aspergillosis
 rx,,,,,1  User Reviews        ,,Onmel oral, label,,,,Aggressive Fungal Infection - Invasive Aspergillosis
 rx,,,,,Be the first to review it,,amphotericin B liposome intravenous, label,,,,Aggressive Fungal Infection - Invasive Aspergillosis
 rx,,,,,Be the first to review it,,AmBisome intravenous, label,,,,Aggressive Fungal Infection - Invasive Aspergillosis
 rx,,,,,Be the first to review it,,Sporanox Pulsepak oral, label,,,,Aggressive Fungal Infection - Invasive Aspergillosis
 rx,,,,,Be the first to review it,,Vfend IV intravenous, label,,,,Aggressive Fungal Infection - Invasive Aspergillosis
 rx,,,,,Be the first to review it,,isavuconazonium sulfate intravenous, label,,,,Aggressive Fungal Infection - Invasive Aspergillosis
 rx,,,,,Be the first to review it,,isavuconazonium sulfate oral, label,,,,Aggressive Fungal Infection - Invasive Aspergillosis
 rx,,,,,Be the first to review it,,Cresemba intravenous, label,,,,Aggressive Fungal Infection - Invasive Aspergillosis
 rx,,,,,Be the first to review it,,Cresemba oral, label,,,,Aggressive Fungal Infection - Invasive Aspergillosis
 otc,,,,,90  User Reviews        ,,ferrous sulfate oral, label,,,,Anemia in Hemodialysis-Dependent Chronic Kidney Disease
 rx,,,,,42  User Reviews        ,,Ferrlecit intravenous, label,,,,Anemia in Hemodialysis-Dependent Chronic Kidney Disease
 rx,,,,,31  User Reviews        ,,Feraheme intravenous, offlabel,,,,Anemia in Hemodialysis-Dependent Chronic Kidney Disease
 otc,,,,,20  User Reviews        ,,Feosol oral, label,,,,Anemia in Hemodialysis-Dependent Chronic Kidney Disease
 rx,,,,,19  User Reviews        ,,Infed injection, label,,,,Anemia in Hemodialysis-Dependent Chronic Kidney Disease
 otc,,,,,18  User Reviews        ,,Integra oral, label,,,,Anemia in Hemodialysis-Dependent Chronic Kidney Disease
 rx,,,,,14  User Reviews        ,,Ferrex 150 Forte oral, offlabel,,,,Anemia in Hemodialysis-Dependent Chronic Kidney Disease
 otc,,,,,14  User Reviews        ,,Tandem Dual Action oral, label,,,,Anemia in Hemodialysis-Dependent Chronic Kidney Disease
 otc,,,,,13  User Reviews        ,,Ferrex 150 oral, label,,,,Anemia in Hemodialysis-Dependent Chronic Kidney Disease
 otc,,,,,12  User Reviews        ,,ferrous gluconate oral, label,,,,Anemia in Hemodialysis-Dependent Chronic Kidney Disease
 rx,,,,,11  User Reviews        ,,Corvite 150 oral, offlabel,,,,Anemia in Hemodialysis-Dependent Chronic Kidney Disease
 rx,,,,,10  User Reviews        ,,Integra F oral, offlabel,,,,Anemia in Hemodialysis-Dependent Chronic Kidney Disease
 otc,,,,,10  User Reviews        ,,NovaFerrum oral, offlabel,,,,Anemia in Hemodialysis-Dependent Chronic Kidney Disease
 otc,,,,,10  User Reviews        ,,Slow Fe oral, label,,,,Anemia in Hemodialysis-Dependent Chronic Kidney Disease
 otc,,,,,10  User Reviews        ,,Iron (ferrous sulfate) oral, label,,,,Anemia in Hemodialysis-Dependent Chronic Kidney Disease
 otc,,,,,10  User Reviews        ,,Vitron-C oral, label,,,,Anemia in Hemodialysis-Dependent Chronic Kidney Disease
 rx,,,,,9  User Reviews        ,,Multigen Plus oral, offlabel,,,,Anemia in Hemodialysis-Dependent Chronic Kidney Disease
 rx,,,,,9  User Reviews        ,,Ferrex 28 oral, offlabel,,,,Anemia in Hemodialysis-Dependent Chronic Kidney Disease
 rx,,,,,8  User Reviews        ,,Poly-Iron 150 Forte oral, offlabel,,,,Anemia in Hemodialysis-Dependent Chronic Kidney Disease
 rx,,,,,8  User Reviews        ,,Maxaron Forte oral, offlabel,,,,Anemia in Hemodialysis-Dependent Chronic Kidney Disease
 otc,,,,,7  User Reviews        ,,FeroSul oral, label,,,,Anemia in Hemodialysis-Dependent Chronic Kidney Disease
 otc,,,,,7  User Reviews        ,,Proferrin ES oral, label,,,,Anemia in Hemodialysis-Dependent Chronic Kidney Disease
 rx,,,,,7  User Reviews        ,,Injectafer intravenous, label,,,,Anemia in Hemodialysis-Dependent Chronic Kidney Disease
 rx,,,,,6  User Reviews        ,,Icar-C Plus oral, offlabel,,,,Anemia in Hemodialysis-Dependent Chronic Kidney Disease
 rx,,,,,6  User Reviews        ,,Taron Forte oral, offlabel,,,,Anemia in Hemodialysis-Dependent Chronic Kidney Disease
 rx,,,,,5  User Reviews        ,,Hematinic/Folic Acid oral, offlabel,,,,Anemia in Hemodialysis-Dependent Chronic Kidney Disease
 rx,,,,,5  User Reviews        ,,Corvite FE oral, offlabel,,,,Anemia in Hemodialysis-Dependent Chronic Kidney Disease
 rx,,,,,5  User Reviews        ,,FeRiva oral, offlabel,,,,Anemia in Hemodialysis-Dependent Chronic Kidney Disease
 otc,,,,,5  User Reviews        ,,ferrous fumarate oral, label,,,,Anemia in Hemodialysis-Dependent Chronic Kidney Disease
 otc,,,,,5  User Reviews        ,,Icar-C oral, label,,,,Anemia in Hemodialysis-Dependent Chronic Kidney Disease
 otc,,,,,5  User Reviews        ,,Fergon oral, label,,,,Anemia in Hemodialysis-Dependent Chronic Kidney Disease
 rx,,,,,4  User Reviews        ,,Ferocon oral, offlabel,,,,Anemia in Hemodialysis-Dependent Chronic Kidney Disease
 rx,,,,,4  User Reviews        ,,Proferrin-Forte oral, offlabel,,,,Anemia in Hemodialysis-Dependent Chronic Kidney Disease
 rx,,,,,4  User Reviews        ,,Ferrogels Forte oral, offlabel,,,,Anemia in Hemodialysis-Dependent Chronic Kidney Disease
 otc,,,,,4  User Reviews        ,,Iron (dried) oral, label,,,,Anemia in Hemodialysis-Dependent Chronic Kidney Disease
 otc,,,,,3  User Reviews        ,,iron oral, offlabel,,,,Anemia in Hemodialysis-Dependent Chronic Kidney Disease
 otc,,,,,3  User Reviews        ,,Hemocyte oral, label,,,,Anemia in Hemodialysis-Dependent Chronic Kidney Disease
 rx,,,,,3  User Reviews        ,,Hematron oral, label,,,,Anemia in Hemodialysis-Dependent Chronic Kidney Disease
 otc,,,,,3  User Reviews        ,,EZFE 200 oral, label,,,,Anemia in Hemodialysis-Dependent Chronic Kidney Disease
 otc,,,,,3  User Reviews        ,,Ferrex 150 Plus oral, label,,,,Anemia in Hemodialysis-Dependent Chronic Kidney Disease
 rx,,,,,2  User Reviews        ,,Hemocyte-F oral, offlabel,,,,Anemia in Hemodialysis-Dependent Chronic Kidney Disease
 rx,,,,,2  User Reviews        ,,ferrous fum-vit C-vit B12-FA oral, offlabel,,,,Anemia in Hemodialysis-Dependent Chronic Kidney Disease
 rx,,,,,77  User Reviews        ,,Procrit injection, label,,,,Anemia in Chronic Kidney Disease
 rxotc,,,,,2  User Reviews        ,,FE C Plus oral, offlabel,,,,Anemia in Hemodialysis-Dependent Chronic Kidney Disease
 rx,,,,,67  User Reviews        ,,Venofer intravenous, label,,,,Anemia in Chronic Kidney Disease
 rx,,,,,2  User Reviews        ,,Folivane-F oral, offlabel,,,,Anemia in Hemodialysis-Dependent Chronic Kidney Disease
 rx,,,,,42  User Reviews        ,,Ferrlecit intravenous, label,,,,Anemia in Chronic Kidney Disease
 rx,,,,,2  User Reviews        ,,Irospan 24/6 oral, offlabel,,,,Anemia in Hemodialysis-Dependent Chronic Kidney Disease
 rx,,,,,31  User Reviews        ,,Feraheme intravenous, label,,,,Anemia in Chronic Kidney Disease
 rx,,,,,2  User Reviews        ,,Active FE oral, offlabel,,,,Anemia in Hemodialysis-Dependent Chronic Kidney Disease
 rx,,,,,23  User Reviews        ,,iron sucrose intravenous, label,,,,Anemia in Chronic Kidney Disease
 otc,,,,,2  User Reviews        ,,ferrous fumarate-docusate sodium oral, label,,,,Anemia in Hemodialysis-Dependent Chronic Kidney Disease
 rx,,,,,19  User Reviews        ,,Epogen injection, label,,,,Anemia in Chronic Kidney Disease
 otc,,,,,2  User Reviews        ,,Fer-Iron oral, label,,,,Anemia in Hemodialysis-Dependent Chronic Kidney Disease
 rx,,,,,19  User Reviews        ,,Infed injection, label,,,,Anemia in Chronic Kidney Disease
 otc,,,,,2  User Reviews        ,,Poly-Iron oral, label,,,,Anemia in Hemodialysis-Dependent Chronic Kidney Disease
 rx,,,,,7  User Reviews        ,,Injectafer intravenous, label,,,,Anemia in Chronic Kidney Disease
 rx,,,,,6  User Reviews        ,,Aranesp (in polysorbate) injection, label,,,,Anemia in Chronic Kidney Disease
 otc,,,,,2  User Reviews        ,,ferrous fumarate-iron polysaccharide cplx oral, label,,,,Anemia in Hemodialysis-Dependent Chronic Kidney Disease
 rx,,,,,5  User Reviews        ,,epoetin alfa injection, label,,,,Anemia in Chronic Kidney Disease
 rx,,,,,1  User Reviews        ,,Androxy oral, offlabel,,,,Anemia in Chronic Kidney Disease
 otc,,,,,2  User Reviews        ,,Pro Fe oral, label,,,,Anemia in Hemodialysis-Dependent Chronic Kidney Disease
 rx,,,,,1  User Reviews        ,,sodium ferric gluconate complex in sucrose intravenous, label,,,,Anemia in Chronic Kidney Disease
 otc,,,,,2  User Reviews        ,,Iron 21/7 oral, label,,,,Anemia in Hemodialysis-Dependent Chronic Kidney Disease
 rx,,,,,1  User Reviews        ,,darbepoetin alfa in polysorbate injection, label,,,,Anemia in Chronic Kidney Disease
 rx,,,,,1  User Reviews        ,,ferrous fumarate-B12-intrinsic factor-vit C-folic acid oral, offlabel,,,,Anemia in Hemodialysis-Dependent Chronic Kidney Disease
 rx,,,,,1  User Reviews        ,,ferumoxytol intravenous, label,,,,Anemia in Chronic Kidney Disease
 rxotc,,,,,1  User Reviews        ,,ferrous sulfate-C-folic acid oral, offlabel,,,,Anemia in Hemodialysis-Dependent Chronic Kidney Disease
 rx,,,,,Be the first to review it,,"epoetin beta, methoxy polyethylene glycol injection", label,,,,Anemia in Chronic Kidney Disease
 rx,,,,,Be the first to review it,,Mircera injection, label,,,,Anemia in Chronic Kidney Disease
 rx,,,,,1  User Reviews        ,,iFerex 150 Forte oral, offlabel,,,,Anemia in Hemodialysis-Dependent Chronic Kidney Disease
 rx,,,,,Be the first to review it,,ferric carboxymaltose intravenous, label,,,,Anemia in Chronic Kidney Disease
 otc,,,,,1  User Reviews        ,,Folitab oral, offlabel,,,,Anemia in Hemodialysis-Dependent Chronic Kidney Disease
 rx,,,,,Be the first to review it,,ferric pyrophosphate citrate hemodialysis, label,,,,Anemia in Chronic Kidney Disease
 rx,,,,,1  User Reviews        ,,Tricon oral, offlabel,,,,Anemia in Hemodialysis-Dependent Chronic Kidney Disease
 rx,,,,,Be the first to review it,,Triferic hemodialysis, label,,,,Anemia in Chronic Kidney Disease
 rx,,,,,1  User Reviews        ,,Hematogen FA oral, offlabel,,,,Anemia in Hemodialysis-Dependent Chronic Kidney Disease
 rx,,,,,1  User Reviews        ,,Hematogen Forte oral, offlabel,,,,Anemia in Hemodialysis-Dependent Chronic Kidney Disease
 rx,,,,,1  User Reviews        ,,FerraPlus 90 oral, offlabel,,,,Anemia in Hemodialysis-Dependent Chronic Kidney Disease
 rx,,,,,1  User Reviews        ,,TL Icon oral, offlabel,,,,Anemia in Hemodialysis-Dependent Chronic Kidney Disease
 rx,,,,,1  User Reviews        ,,ferumoxytol intravenous, offlabel,,,,Anemia in Hemodialysis-Dependent Chronic Kidney Disease
 otc,,,,,1  User Reviews        ,,iron amino acid chelate-vit B12-folic acid oral, offlabel,,,,Anemia in Hemodialysis-Dependent Chronic Kidney Disease
 rx,,,,,1  User Reviews        ,,Trigels-F Forte oral, offlabel,,,,Anemia in Hemodialysis-Dependent Chronic Kidney Disease
 otc,,,,,1  User Reviews        ,,Iron 100 Plus oral, offlabel,,,,Anemia in Hemodialysis-Dependent Chronic Kidney Disease
 otc,,,,,1  User Reviews        ,,polysaccharide iron complex oral, label,,,,Anemia in Hemodialysis-Dependent Chronic Kidney Disease
 otc,,,,,1  User Reviews        ,,Nu-Iron oral, label,,,,Anemia in Hemodialysis-Dependent Chronic Kidney Disease
 otc,,,,,1  User Reviews        ,,Ferrimin 150 oral, label,,,,Anemia in Hemodialysis-Dependent Chronic Kidney Disease
 otc,,,,,1  User Reviews        ,,Myferon 150 oral, label,,,,Anemia in Hemodialysis-Dependent Chronic Kidney Disease
 rx,,,,,1  User Reviews        ,,sodium ferric gluconate complex in sucrose intravenous, label,,,,Anemia in Hemodialysis-Dependent Chronic Kidney Disease
 otc,,,,,1  User Reviews        ,,Icar oral, label,,,,Anemia in Hemodialysis-Dependent Chronic Kidney Disease
 otc,,,,,1  User Reviews        ,,iFerex 150 oral, label,,,,Anemia in Hemodialysis-Dependent Chronic Kidney Disease
 otc,,,,,1  User Reviews        ,,Slow Release Iron oral, label,,,,Anemia in Hemodialysis-Dependent Chronic Kidney Disease
 otc,,,,,1  User Reviews        ,,FerrouSul oral, label,,,,Anemia in Hemodialysis-Dependent Chronic Kidney Disease
 otc,,,,,1  User Reviews        ,,FE C oral, label,,,,Anemia in Hemodialysis-Dependent Chronic Kidney Disease
 otc,,,,,1  User Reviews        ,,Ferretts IPS oral, label,,,,Anemia in Hemodialysis-Dependent Chronic Kidney Disease
 otc,,,,,1  User Reviews        ,,"ferrous sulfate, dried oral", label,,,,Anemia in Hemodialysis-Dependent Chronic Kidney Disease
 otc,,,,,1  User Reviews        ,,High Potency Iron oral, label,,,,Anemia in Hemodialysis-Dependent Chronic Kidney Disease
 otc,,,,,1  User Reviews        ,,Feosol Bifera oral, label,,,,Anemia in Hemodialysis-Dependent Chronic Kidney Disease
 rx,,,,,Be the first to review it,,Myferon 150 Forte oral, offlabel,,,,Anemia in Hemodialysis-Dependent Chronic Kidney Disease
 rx,,,,,Be the first to review it,,ferrous fumarate-folic acid oral, offlabel,,,,Anemia in Hemodialysis-Dependent Chronic Kidney Disease
 rx,,,,,Be the first to review it,,iron polysacch complex-B12-FA oral, offlabel,,,,Anemia in Hemodialysis-Dependent Chronic Kidney Disease
 rxotc,,,,,Be the first to review it,,iron-vit C-vit B12-folic acid oral, offlabel,,,,Anemia in Hemodialysis-Dependent Chronic Kidney Disease
 rx,,,,,Be the first to review it,,iron heme polypep-folic acid oral, offlabel,,,,Anemia in Hemodialysis-Dependent Chronic Kidney Disease
 rx,,,,,Be the first to review it,,"iron bisgly,polysac cplex-vits C-B12-folic acid-calcium oral", offlabel,,,,Anemia in Hemodialysis-Dependent Chronic Kidney Disease
 rx,,,,,Be the first to review it,,"iron asp.gly,fum-vit C-folic acid-mv #11-calcium oral", offlabel,,,,Anemia in Hemodialysis-Dependent Chronic Kidney Disease
 rx,,,,,Be the first to review it,,iron-FA-vitB12-vit C-docusate sod oral, offlabel,,,,Anemia in Hemodialysis-Dependent Chronic Kidney Disease
 rx,,,,,Be the first to review it,,"iron fumarate,polysach complex-folic acid-vit C-niacin oral", offlabel,,,,Anemia in Hemodialysis-Dependent Chronic Kidney Disease
 otc,,,,,Be the first to review it,,Ferractiv oral, offlabel,,,,Anemia in Hemodialysis-Dependent Chronic Kidney Disease
 rx,,,,,Be the first to review it,,iron-folic acid-vitamin B cplx with C #12-succinic acid oral, offlabel,,,,Anemia in Hemodialysis-Dependent Chronic Kidney Disease
 rx,,,,,Be the first to review it,,iron-folic acid-C-B12-biotin oral, offlabel,,,,Anemia in Hemodialysis-Dependent Chronic Kidney Disease
 rxotc,,,,,Be the first to review it,,"iron,carbonyl-folic acid-multivit with min oral", offlabel,,,,Anemia in Hemodialysis-Dependent Chronic Kidney Disease
 rx,,,,,Be the first to review it,,"iron,carbonyl-FA no.6-multivit w-min no.40 oral", offlabel,,,,Anemia in Hemodialysis-Dependent Chronic Kidney Disease
 rx,,,,,Be the first to review it,,"iron,carbonyl-FA no.6-multivit w-min no.41 oral", offlabel,,,,Anemia in Hemodialysis-Dependent Chronic Kidney Disease
 otc,,,,,Be the first to review it,,"iron, carb-vit C-B12-B6-E-folic acid-IF-senna leaf oral", offlabel,,,,Anemia in Hemodialysis-Dependent Chronic Kidney Disease
 otc,,,,,Be the first to review it,,"iron,carbonyl-FA-vit C-E-B12-biotin-copper-DSS oral", offlabel,,,,Anemia in Hemodialysis-Dependent Chronic Kidney Disease
 otc,,,,,Be the first to review it,,Abatron AF oral, offlabel,,,,Anemia in Hemodialysis-Dependent Chronic Kidney Disease
 otc,,,,,Be the first to review it,,Iro-Plex (iron carbonyl) oral, offlabel,,,,Anemia in Hemodialysis-Dependent Chronic Kidney Disease
 otc,,,,,Be the first to review it,,iron ps-folic acid-vit B complex #16-mag-zinc oral, offlabel,,,,Anemia in Hemodialysis-Dependent Chronic Kidney Disease
 otc,,,,,Be the first to review it,,Abatron oral, offlabel,,,,Anemia in Hemodialysis-Dependent Chronic Kidney Disease
 otc,,,,,Be the first to review it,,Ferretts oral, label,,,,Anemia in Hemodialysis-Dependent Chronic Kidney Disease
 otc,,,,,Be the first to review it,,Fer-In-Sol oral, label,,,,Anemia in Hemodialysis-Dependent Chronic Kidney Disease
 otc,,,,,Be the first to review it,,Siderol oral, label,,,,Anemia in Hemodialysis-Dependent Chronic Kidney Disease
 otc,,,,,Be the first to review it,,Iron with Stool Softener oral, label,,,,Anemia in Hemodialysis-Dependent Chronic Kidney Disease
 rx,,,,,Be the first to review it,,B complex-Fe ammon cit-FA oral, label,,,,Anemia in Hemodialysis-Dependent Chronic Kidney Disease
 otc,,,,,Be the first to review it,,ferrous fumarate-vitamin C oral, label,,,,Anemia in Hemodialysis-Dependent Chronic Kidney Disease
 otc,,,,,Be the first to review it,,iron-vitamin C oral, label,,,,Anemia in Hemodialysis-Dependent Chronic Kidney Disease
 otc,,,,,Be the first to review it,,iron heme polypeptide oral, label,,,,Anemia in Hemodialysis-Dependent Chronic Kidney Disease
 otc,,,,,Be the first to review it,,Ferate oral, label,,,,Anemia in Hemodialysis-Dependent Chronic Kidney Disease
 otc,,,,,Be the first to review it,,Iron High Potency oral, label,,,,Anemia in Hemodialysis-Dependent Chronic Kidney Disease
 otc,,,,,Be the first to review it,,Ferrocite oral, label,,,,Anemia in Hemodialysis-Dependent Chronic Kidney Disease
 otc,,,,,Be the first to review it,,"iron, carbonyl oral", label,,,,Anemia in Hemodialysis-Dependent Chronic Kidney Disease
 otc,,,,,Be the first to review it,,iron succinyl-protein complex oral, label,,,,Anemia in Hemodialysis-Dependent Chronic Kidney Disease
 otc,,,,,Be the first to review it,,Iron Chews oral, label,,,,Anemia in Hemodialysis-Dependent Chronic Kidney Disease
 otc,,,,,Be the first to review it,,iron asp.gly. and ps complex-vit C-succinic acid oral, label,,,,Anemia in Hemodialysis-Dependent Chronic Kidney Disease
 otc,,,,,Be the first to review it,,iron polysaccharide complex-iron heme polypeptide oral, label,,,,Anemia in Hemodialysis-Dependent Chronic Kidney Disease
 otc,,,,,Be the first to review it,,Wee Care oral, label,,,,Anemia in Hemodialysis-Dependent Chronic Kidney Disease
 rx,,,,,2541  User Reviews        ,,prednisone oral, label,,,,Ankylosing Spondylitis and High Risk of Developing Gastric Ulcers
 otc,,,,,Be the first to review it,,iron fumarate and polysach complex-vit C-niacinamide oral, label,,,,Anemia in Hemodialysis-Dependent Chronic Kidney Disease
 rx,,,,,835  User Reviews        ,,meloxicam oral, offlabel,,,,Ankylosing Spondylitis and High Risk of Developing Gastric Ulcers
 otc,,,,,Be the first to review it,,Ferro-Time oral, label,,,,Anemia in Hemodialysis-Dependent Chronic Kidney Disease
 rx,,,,,726  User Reviews        ,,Celebrex oral, label,,,,Ankylosing Spondylitis and High Risk of Developing Gastric Ulcers
 otc,,,,,Be the first to review it,,iron bis-gly-FA-C-B12-Ca thr-succ oral, label,,,,Anemia in Hemodialysis-Dependent Chronic Kidney Disease
 rx,,,,,724  User Reviews        ,,Mobic oral, offlabel,,,,Ankylosing Spondylitis and High Risk of Developing Gastric Ulcers
 otc,,,,,Be the first to review it,,IronUp oral, label,,,,Anemia in Hemodialysis-Dependent Chronic Kidney Disease
 rx,,,,,715  User Reviews        ,,naproxen oral, label,,,,Ankylosing Spondylitis and High Risk of Developing Gastric Ulcers
 otc,,,,,Be the first to review it,,Children's Iron oral, label,,,,Anemia in Hemodialysis-Dependent Chronic Kidney Disease
 rx,,,,,569  User Reviews        ,,Remicade intravenous, label,,,,Ankylosing Spondylitis and High Risk of Developing Gastric Ulcers
 otc,,,,,Be the first to review it,,Duofer oral, label,,,,Anemia in Hemodialysis-Dependent Chronic Kidney Disease
 rx,,,,,559  User Reviews        ,,diclofenac oral, offlabel,,,,Ankylosing Spondylitis and High Risk of Developing Gastric Ulcers
 otc,,,,,Be the first to review it,,iron ps cmplx-vitamin D3 oral, label,,,,Anemia in Hemodialysis-Dependent Chronic Kidney Disease
 rx,,,,,550  User Reviews        ,,methylprednisolone oral, label,,,,Ankylosing Spondylitis and High Risk of Developing Gastric Ulcers
 otc,,,,,Be the first to review it,,NovaFerrum 125 oral, label,,,,Anemia in Hemodialysis-Dependent Chronic Kidney Disease
 rx,,,,,519  User Reviews        ,,Nexium oral, label,,,,Ankylosing Spondylitis and High Risk of Developing Gastric Ulcers
 otc,,,,,Be the first to review it,,NovaFerrum 50 oral, label,,,,Anemia in Hemodialysis-Dependent Chronic Kidney Disease
 rxotc,,,,,459  User Reviews        ,,omeprazole oral, offlabel,,,,Ankylosing Spondylitis and High Risk of Developing Gastric Ulcers
 rx,,,,,Be the first to review it,,ferric carboxymaltose intravenous, label,,,,Anemia in Hemodialysis-Dependent Chronic Kidney Disease
 rx,,,,,416  User Reviews        ,,Dexilant oral, offlabel,,,,Ankylosing Spondylitis and High Risk of Developing Gastric Ulcers
 otc,,,,,Be the first to review it,,iron ps-C-B12-B6-E-folic acid-IF-senna leaf oral, label,,,,Anemia in Hemodialysis-Dependent Chronic Kidney Disease
 rx,,,,,355  User Reviews        ,,Protonix oral, offlabel,,,,Ankylosing Spondylitis and High Risk of Developing Gastric Ulcers
 otc,,,,,Be the first to review it,,Iro-Plex (iron polysaccharide) oral, label,,,,Anemia in Hemodialysis-Dependent Chronic Kidney Disease
 rx,,,,,299  User Reviews        ,,Kenalog injection, label,,,,Ankylosing Spondylitis and High Risk of Developing Gastric Ulcers
 otc,,,,,Be the first to review it,,Perfect Iron oral, label,,,,Anemia in Hemodialysis-Dependent Chronic Kidney Disease
 rx,,,,,296  User Reviews        ,,Aciphex oral, offlabel,,,,Ankylosing Spondylitis and High Risk of Developing Gastric Ulcers
 otc,,,,,Be the first to review it,,Ferretts Carbonyl Iron oral, label,,,,Anemia in Hemodialysis-Dependent Chronic Kidney Disease
 rx,,,,,292  User Reviews        ,,indomethacin oral, label,,,,Ankylosing Spondylitis and High Risk of Developing Gastric Ulcers
 otc,,,,,Be the first to review it,,"iron,carbonyl-vitamin C-fructooligosaccharides oral", label,,,,Anemia in Hemodialysis-Dependent Chronic Kidney Disease
 rx,,,,,292  User Reviews        ,,Enbrel subcutaneous, label,,,,Ankylosing Spondylitis and High Risk of Developing Gastric Ulcers
 otc,,,,,Be the first to review it,,Chewable Iron oral, label,,,,Anemia in Hemodialysis-Dependent Chronic Kidney Disease
 otc,,,,,Be the first to review it,,Ferric x-150 oral, label,,,,Anemia in Hemodialysis-Dependent Chronic Kidney Disease
 rxotc,,,,,265  User Reviews        ,,ibuprofen oral, offlabel,,,,Ankylosing Spondylitis and High Risk of Developing Gastric Ulcers
 rx,,,,,Be the first to review it,,ferric pyrophosphate citrate hemodialysis, label,,,,Anemia in Hemodialysis-Dependent Chronic Kidney Disease
 rx,,,,,248  User Reviews        ,,Prilosec oral, offlabel,,,,Ankylosing Spondylitis and High Risk of Developing Gastric Ulcers
 rx,,,,,Be the first to review it,,Triferic hemodialysis, label,,,,Anemia in Hemodialysis-Dependent Chronic Kidney Disease
 rx,,,,,247  User Reviews        ,,etodolac oral, offlabel,,,,Ankylosing Spondylitis and High Risk of Developing Gastric Ulcers
 otc,,,,,Be the first to review it,,Ferro-Sequels (iron-vit c) oral, label,,,,Anemia in Hemodialysis-Dependent Chronic Kidney Disease
 rx,,,,,247  User Reviews        ,,Humira subcutaneous, label,,,,Ankylosing Spondylitis and High Risk of Developing Gastric Ulcers
 rx,,,,,244  User Reviews        ,,nabumetone oral, offlabel,,,,Ankylosing Spondylitis and High Risk of Developing Gastric Ulcers
 rx,,,,,203  User Reviews        ,,pantoprazole oral, offlabel,,,,Ankylosing Spondylitis and High Risk of Developing Gastric Ulcers
 rx,,,,,184  User Reviews        ,,Arthrotec 75 oral, offlabel,,,,Ankylosing Spondylitis and High Risk of Developing Gastric Ulcers
 otc,,,,,182  User Reviews        ,,Aleve oral, offlabel,,,,Ankylosing Spondylitis and High Risk of Developing Gastric Ulcers
 rx,,,,,180  User Reviews        ,,Humira Pen subcutaneous, label,,,,Ankylosing Spondylitis and High Risk of Developing Gastric Ulcers
 rx,,,,,177  User Reviews        ,,Prevacid oral, label,,,,Ankylosing Spondylitis and High Risk of Developing Gastric Ulcers
 otc,,,,,175  User Reviews        ,,Prilosec OTC oral, offlabel,,,,Ankylosing Spondylitis and High Risk of Developing Gastric Ulcers
 rx,,,,,148  User Reviews        ,,Cimzia subcutaneous, label,,,,Ankylosing Spondylitis and High Risk of Developing Gastric Ulcers
 rx,,,,,121  User Reviews        ,,Medrol (Pak) oral, label,,,,Ankylosing Spondylitis and High Risk of Developing Gastric Ulcers
 rx,,,,,117  User Reviews        ,,Medrol oral, label,,,,Ankylosing Spondylitis and High Risk of Developing Gastric Ulcers
 rx,,,,,117  User Reviews        ,,Enbrel SureClick subcutaneous, label,,,,Ankylosing Spondylitis and High Risk of Developing Gastric Ulcers
 rx,,,,,114  User Reviews        ,,piroxicam oral, offlabel,,,,Ankylosing Spondylitis and High Risk of Developing Gastric Ulcers
 rx,,,,,105  User Reviews        ,,dexamethasone oral, label,,,,Ankylosing Spondylitis and High Risk of Developing Gastric Ulcers
 rx,,,,,102  User Reviews        ,,Arthrotec 50 oral, offlabel,,,,Ankylosing Spondylitis and High Risk of Developing Gastric Ulcers
 rx,,,,,102  User Reviews        ,,Depo-Medrol injection, label,,,,Ankylosing Spondylitis and High Risk of Developing Gastric Ulcers
 rxotc,,,,,95  User Reviews        ,,naproxen sodium oral, offlabel,,,,Ankylosing Spondylitis and High Risk of Developing Gastric Ulcers
 rx,,,,,87  User Reviews        ,,diclofenac potassium oral, offlabel,,,,Ankylosing Spondylitis and High Risk of Developing Gastric Ulcers
 rx,,,,,83  User Reviews        ,,Vimovo oral, label,,,,Ankylosing Spondylitis and High Risk of Developing Gastric Ulcers
 rx,,,,,81  User Reviews        ,,Indocin oral, label,,,,Ankylosing Spondylitis and High Risk of Developing Gastric Ulcers
 rx,,,,,69  User Reviews        ,,sulindac oral, label,,,,Ankylosing Spondylitis and High Risk of Developing Gastric Ulcers
 rx,,,,,67  User Reviews        ,,prednisolone oral, label,,,,Ankylosing Spondylitis and High Risk of Developing Gastric Ulcers
 rx,,,,,66  User Reviews        ,,Simponi subcutaneous, label,,,,Ankylosing Spondylitis and High Risk of Developing Gastric Ulcers
 rx,,,,,63  User Reviews        ,,Naprosyn oral, label,,,,Ankylosing Spondylitis and High Risk of Developing Gastric Ulcers
 rx,,,,,59  User Reviews        ,,Daypro oral, offlabel,,,,Ankylosing Spondylitis and High Risk of Developing Gastric Ulcers
 rx,,,,,59  User Reviews        ,,Cytotec oral, label,,,,Ankylosing Spondylitis and High Risk of Developing Gastric Ulcers
 rx,,,,,59  User Reviews        ,,DexPak 13 Day oral, label,,,,Ankylosing Spondylitis and High Risk of Developing Gastric Ulcers
 rx,,,,,56  User Reviews        ,,Zipsor oral, offlabel,,,,Ankylosing Spondylitis and High Risk of Developing Gastric Ulcers
 rxotc,,,,,56  User Reviews        ,,lansoprazole oral, label,,,,Ankylosing Spondylitis and High Risk of Developing Gastric Ulcers
 rx,,,,,55  User Reviews        ,,oxaprozin oral, offlabel,,,,Ankylosing Spondylitis and High Risk of Developing Gastric Ulcers
 rx,,,,,53  User Reviews        ,,Feldene oral, offlabel,,,,Ankylosing Spondylitis and High Risk of Developing Gastric Ulcers
 rx,,,,,52  User Reviews        ,,misoprostol oral, label,,,,Ankylosing Spondylitis and High Risk of Developing Gastric Ulcers
 rx,,,,,47  User Reviews        ,,Humira Pen Crohn's-Ulc Colitis-Hidr Sup Starter subcutaneous, label,,,,Ankylosing Spondylitis and High Risk of Developing Gastric Ulcers
 rx,,,,,43  User Reviews        ,,Cambia oral, offlabel,,,,Ankylosing Spondylitis and High Risk of Developing Gastric Ulcers
 rx,,,,,42  User Reviews        ,,Voltaren-XR oral, offlabel,,,,Ankylosing Spondylitis and High Risk of Developing Gastric Ulcers
 rx,,,,,42  User Reviews        ,,Solu-Medrol intravenous, label,,,,Ankylosing Spondylitis and High Risk of Developing Gastric Ulcers
 rx,,,,,39  User Reviews        ,,hydrocortisone oral, label,,,,Ankylosing Spondylitis and High Risk of Developing Gastric Ulcers
 rxotc,,,,,36  User Reviews        ,,omeprazole magnesium oral, offlabel,,,,Ankylosing Spondylitis and High Risk of Developing Gastric Ulcers
 rx,,,,,35  User Reviews        ,,Zorvolex oral, offlabel,,,,Ankylosing Spondylitis and High Risk of Developing Gastric Ulcers
 rx,,,,,33  User Reviews        ,,Cortef oral, label,,,,Ankylosing Spondylitis and High Risk of Developing Gastric Ulcers
 rx,,,,,29  User Reviews        ,,celecoxib oral, label,,,,Ankylosing Spondylitis and High Risk of Developing Gastric Ulcers
 rx,,,,,28  User Reviews        ,,ketoprofen oral, offlabel,,,,Ankylosing Spondylitis and High Risk of Developing Gastric Ulcers
 rx,,,,,77  User Reviews        ,,Procrit injection, label,,,,Anemia Due To Chemotherapy and Radiotherapy Combination
 otc,,,,,26  User Reviews        ,,Advil oral, offlabel,,,,Ankylosing Spondylitis and High Risk of Developing Gastric Ulcers
 rx,,,,,19  User Reviews        ,,Epogen injection, label,,,,Anemia Due To Chemotherapy and Radiotherapy Combination
 rx,,,,,6  User Reviews        ,,Aranesp (in polysorbate) injection, label,,,,Anemia Due To Chemotherapy and Radiotherapy Combination
 rx,,,,,24  User Reviews        ,,Deltasone oral, label,,,,Ankylosing Spondylitis and High Risk of Developing Gastric Ulcers
 rx,,,,,5  User Reviews        ,,epoetin alfa injection, label,,,,Anemia Due To Chemotherapy and Radiotherapy Combination
 rx,,,,,1  User Reviews        ,,darbepoetin alfa in polysorbate injection, label,,,,Anemia Due To Chemotherapy and Radiotherapy Combination
 otc,,,,,23  User Reviews        ,,Advil Migraine oral, offlabel,,,,Ankylosing Spondylitis and High Risk of Developing Gastric Ulcers
 otc,,,,,23  User Reviews        ,,Prevacid 24Hr oral, label,,,,Ankylosing Spondylitis and High Risk of Developing Gastric Ulcers
 rx,,,,,22  User Reviews        ,,diclofenac-misoprostol oral, offlabel,,,,Ankylosing Spondylitis and High Risk of Developing Gastric Ulcers
 rx,,,,,22  User Reviews        ,,triamcinolone acetonide injection, label,,,,Ankylosing Spondylitis and High Risk of Developing Gastric Ulcers
 rx,,,,,21  User Reviews        ,,rabeprazole oral, offlabel,,,,Ankylosing Spondylitis and High Risk of Developing Gastric Ulcers
 rx,,,,,21  User Reviews        ,,infliximab intravenous, label,,,,Ankylosing Spondylitis and High Risk of Developing Gastric Ulcers
 rxotc,,,,,21  User Reviews        ,,esomeprazole magnesium oral, label,,,,Ankylosing Spondylitis and High Risk of Developing Gastric Ulcers
 rx,,,,,20  User Reviews        ,,cortisone oral, label,,,,Ankylosing Spondylitis and High Risk of Developing Gastric Ulcers
 rx,,,,,19  User Reviews        ,,methylprednisolone acetate injection, label,,,,Ankylosing Spondylitis and High Risk of Developing Gastric Ulcers
 rx,,,,,17  User Reviews        ,,Nalfon oral, offlabel,,,,Ankylosing Spondylitis and High Risk of Developing Gastric Ulcers
 rx,,,,,17  User Reviews        ,,Celestone Soluspan injection, label,,,,Ankylosing Spondylitis and High Risk of Developing Gastric Ulcers
 rx,,,,,16  User Reviews        ,,Prednisone Intensol oral, label,,,,Ankylosing Spondylitis and High Risk of Developing Gastric Ulcers
 otc,,,,,15  User Reviews        ,,Advil Liqui-Gel oral, offlabel,,,,Ankylosing Spondylitis and High Risk of Developing Gastric Ulcers
 rx,,,,,15  User Reviews        ,,dexamethasone sodium phosphate injection, label,,,,Ankylosing Spondylitis and High Risk of Developing Gastric Ulcers
 rx,,,,,15  User Reviews        ,,Humira Pen Psoriasis Starter Pack subcutaneous, label,,,,Ankylosing Spondylitis and High Risk of Developing Gastric Ulcers
 rx,,,,,14  User Reviews        ,,Orapred ODT oral, label,,,,Ankylosing Spondylitis and High Risk of Developing Gastric Ulcers
 rx,,,,,14  User Reviews        ,,Cimzia Starter Kit subcutaneous, label,,,,Ankylosing Spondylitis and High Risk of Developing Gastric Ulcers
 otc,,,,,12  User Reviews        ,,Motrin IB oral, offlabel,,,,Ankylosing Spondylitis and High Risk of Developing Gastric Ulcers
 rx,,,,,12  User Reviews        ,,betamethasone acetate and sodium phosphate injection, label,,,,Ankylosing Spondylitis and High Risk of Developing Gastric Ulcers
 rx,,,,,11  User Reviews        ,,meclofenamate oral, offlabel,,,,Ankylosing Spondylitis and High Risk of Developing Gastric Ulcers
 rx,,,,,11  User Reviews        ,,etanercept subcutaneous, label,,,,Ankylosing Spondylitis and High Risk of Developing Gastric Ulcers
 rx,,,,,11  User Reviews        ,,Prevacid SoluTab oral, label,,,,Ankylosing Spondylitis and High Risk of Developing Gastric Ulcers
 rx,,,,,10  User Reviews        ,,flurbiprofen oral, offlabel,,,,Ankylosing Spondylitis and High Risk of Developing Gastric Ulcers
 rx,,,,,10  User Reviews        ,,dexlansoprazole oral, offlabel,,,,Ankylosing Spondylitis and High Risk of Developing Gastric Ulcers
 rx,,,,,9  User Reviews        ,,Anaprox DS oral, label,,,,Ankylosing Spondylitis and High Risk of Developing Gastric Ulcers
 rx,,,,,8  User Reviews        ,,Acthar H.P. injection, label,,,,Ankylosing Spondylitis and High Risk of Developing Gastric Ulcers
 rx,,,,,8  User Reviews        ,,Nexium Packet oral, label,,,,Ankylosing Spondylitis and High Risk of Developing Gastric Ulcers
 rx,,,,,7  User Reviews        ,,Veripred 20 oral, label,,,,Ankylosing Spondylitis and High Risk of Developing Gastric Ulcers
 rx,,,,,7  User Reviews        ,,Naprelan CR oral, label,,,,Ankylosing Spondylitis and High Risk of Developing Gastric Ulcers
 rx,,,,,7  User Reviews        ,,Cosentyx subcutaneous, label,,,,Ankylosing Spondylitis and High Risk of Developing Gastric Ulcers
 rx,,,,,6  User Reviews        ,,Dexamethasone Intensol oral, label,,,,Ankylosing Spondylitis and High Risk of Developing Gastric Ulcers
 rx,,,,,6  User Reviews        ,,adalimumab subcutaneous, label,,,,Ankylosing Spondylitis and High Risk of Developing Gastric Ulcers
 rx,,,,,6  User Reviews        ,,Solu-Medrol (PF) injection, label,,,,Ankylosing Spondylitis and High Risk of Developing Gastric Ulcers
 rx,,,,,6  User Reviews        ,,Solu-Medrol (PF) intravenous, label,,,,Ankylosing Spondylitis and High Risk of Developing Gastric Ulcers
 otc,,,,,5  User Reviews        ,,All Day Pain Relief oral, offlabel,,,,Ankylosing Spondylitis and High Risk of Developing Gastric Ulcers
 rx,,,,,5  User Reviews        ,,methylprednisolone sodium succ intravenous, label,,,,Ankylosing Spondylitis and High Risk of Developing Gastric Ulcers
 rx,,,,,5  User Reviews        ,,certolizumab pegol subcutaneous, label,,,,Ankylosing Spondylitis and High Risk of Developing Gastric Ulcers
 rx,,,,,4  User Reviews        ,,tolmetin oral, offlabel,,,,Ankylosing Spondylitis and High Risk of Developing Gastric Ulcers
 otc,,,,,4  User Reviews        ,,Ibuprofen IB oral, offlabel,,,,Ankylosing Spondylitis and High Risk of Developing Gastric Ulcers
 otc,,,,,4  User Reviews        ,,Children's Motrin oral, offlabel,,,,Ankylosing Spondylitis and High Risk of Developing Gastric Ulcers
 rx,,,,,4  User Reviews        ,,methylprednisolone sodium succ injection, label,,,,Ankylosing Spondylitis and High Risk of Developing Gastric Ulcers
 rx,,,,,4  User Reviews        ,,DexPak 10 day oral, label,,,,Ankylosing Spondylitis and High Risk of Developing Gastric Ulcers
 rx,,,,,4  User Reviews        ,,Cimzia Powder for Reconstitution subcutaneous, label,,,,Ankylosing Spondylitis and High Risk of Developing Gastric Ulcers
 rx,,,,,4  User Reviews        ,,Rayos oral, label,,,,Ankylosing Spondylitis and High Risk of Developing Gastric Ulcers
 otc,,,,,4  User Reviews        ,,Nexium 24HR oral, label,,,,Ankylosing Spondylitis and High Risk of Developing Gastric Ulcers
 otc,,,,,3  User Reviews        ,,Midol (naproxen) oral, offlabel,,,,Ankylosing Spondylitis and High Risk of Developing Gastric Ulcers
 rx,,,,,3  User Reviews        ,,Vivlodex oral, offlabel,,,,Ankylosing Spondylitis and High Risk of Developing Gastric Ulcers
 rx,,,,,3  User Reviews        ,,Solu-Cortef injection, label,,,,Ankylosing Spondylitis and High Risk of Developing Gastric Ulcers
 rx,,,,,3  User Reviews        ,,prednisolone sodium phosphate oral, label,,,,Ankylosing Spondylitis and High Risk of Developing Gastric Ulcers
 rx,,,,,3  User Reviews        ,,Pediapred oral, label,,,,Ankylosing Spondylitis and High Risk of Developing Gastric Ulcers
 rx,,,,,3  User Reviews        ,,Millipred oral, label,,,,Ankylosing Spondylitis and High Risk of Developing Gastric Ulcers
 rx,,,,,2  User Reviews        ,,fenoprofen oral, offlabel,,,,Ankylosing Spondylitis and High Risk of Developing Gastric Ulcers
 otc,,,,,2  User Reviews        ,,Mediproxen oral, offlabel,,,,Ankylosing Spondylitis and High Risk of Developing Gastric Ulcers
 otc,,,,,2  User Reviews        ,,Wal-Profen oral, offlabel,,,,Ankylosing Spondylitis and High Risk of Developing Gastric Ulcers
 rx,,,,,2  User Reviews        ,,diclofenac submicronized oral, offlabel,,,,Ankylosing Spondylitis and High Risk of Developing Gastric Ulcers
 rx,,,,,2  User Reviews        ,,hydrocortisone sodium succinate injection, label,,,,Ankylosing Spondylitis and High Risk of Developing Gastric Ulcers
 rx,,,,,2  User Reviews        ,,dexamethasone sodium phosphate (PF) injection, label,,,,Ankylosing Spondylitis and High Risk of Developing Gastric Ulcers
 rx,,,,,2  User Reviews        ,,methylprednisolone sod succ (PF) intravenous, label,,,,Ankylosing Spondylitis and High Risk of Developing Gastric Ulcers
 rx,,,,,2  User Reviews        ,,naproxen-esomeprazole magnesium oral, label,,,,Ankylosing Spondylitis and High Risk of Developing Gastric Ulcers
 rx,,,,,2  User Reviews        ,,DexPak 6 Day oral, label,,,,Ankylosing Spondylitis and High Risk of Developing Gastric Ulcers
 rx,,,,,2  User Reviews        ,,Cosentyx Pen (2 Pens) subcutaneous, label,,,,Ankylosing Spondylitis and High Risk of Developing Gastric Ulcers
 otc,,,,,1  User Reviews        ,,Provil oral, offlabel,,,,Ankylosing Spondylitis and High Risk of Developing Gastric Ulcers
 otc,,,,,1  User Reviews        ,,Children's Advil oral, offlabel,,,,Ankylosing Spondylitis and High Risk of Developing Gastric Ulcers
 otc,,,,,1  User Reviews        ,,Children's Ibuprofen oral, offlabel,,,,Ankylosing Spondylitis and High Risk of Developing Gastric Ulcers
 otc,,,,,1  User Reviews        ,,Flanax (naproxen) oral, offlabel,,,,Ankylosing Spondylitis and High Risk of Developing Gastric Ulcers
 rx,,,,,1  User Reviews        ,,Tivorbex oral, offlabel,,,,Ankylosing Spondylitis and High Risk of Developing Gastric Ulcers
 rx,,,,,1  User Reviews        ,,EC-Naprosyn oral, label,,,,Ankylosing Spondylitis and High Risk of Developing Gastric Ulcers
 rx,,,,,1  User Reviews        ,,corticotropin injection, label,,,,Ankylosing Spondylitis and High Risk of Developing Gastric Ulcers
 rx,,,,,1  User Reviews        ,,A-Hydrocort injection, label,,,,Ankylosing Spondylitis and High Risk of Developing Gastric Ulcers
 rx,,,,,1  User Reviews        ,,Indocin rectal, label,,,,Ankylosing Spondylitis and High Risk of Developing Gastric Ulcers
 rx,,,,,1  User Reviews        ,,Millipred DP oral, label,,,,Ankylosing Spondylitis and High Risk of Developing Gastric Ulcers
 rx,,,,,1  User Reviews        ,,golimumab subcutaneous, label,,,,Ankylosing Spondylitis and High Risk of Developing Gastric Ulcers
 rx,,,,,1  User Reviews        ,,methylprednisolone sod succ (PF) injection, label,,,,Ankylosing Spondylitis and High Risk of Developing Gastric Ulcers
 rx,,,,,1  User Reviews        ,,hydrocortisone sod succinate (PF) injection, label,,,,Ankylosing Spondylitis and High Risk of Developing Gastric Ulcers
 otc,,,,,1  User Reviews        ,,Heartburn Treatment 24 Hour oral, label,,,,Ankylosing Spondylitis and High Risk of Developing Gastric Ulcers
 otc,,,,,Be the first to review it,,I-Prin oral, offlabel,,,,Ankylosing Spondylitis and High Risk of Developing Gastric Ulcers
 rx,,,,,77  User Reviews        ,,Procrit injection, label,,,,Anemia caused by Zidovudine
 otc,,,,,Be the first to review it,,Children's Profen IB oral, offlabel,,,,Ankylosing Spondylitis and High Risk of Developing Gastric Ulcers
 rx,,,,,19  User Reviews        ,,Epogen injection, label,,,,Anemia caused by Zidovudine
 rx,,,,,5  User Reviews        ,,epoetin alfa injection, label,,,,Anemia caused by Zidovudine
 otc,,,,,Be the first to review it,,Child Ibuprofen oral, offlabel,,,,Ankylosing Spondylitis and High Risk of Developing Gastric Ulcers
 otc,,,,,Be the first to review it,,Ibuprofen Jr Strength oral, offlabel,,,,Ankylosing Spondylitis and High Risk of Developing Gastric Ulcers
 otc,,,,,Be the first to review it,,All Day Relief oral, offlabel,,,,Ankylosing Spondylitis and High Risk of Developing Gastric Ulcers
 otc,,,,,Be the first to review it,,Wal-Proxen oral, offlabel,,,,Ankylosing Spondylitis and High Risk of Developing Gastric Ulcers
 rx,,,,,Be the first to review it,,AcipHex Sprinkle oral, offlabel,,,,Ankylosing Spondylitis and High Risk of Developing Gastric Ulcers
 rx,,,,,Be the first to review it,,indomethacin submicronized oral, offlabel,,,,Ankylosing Spondylitis and High Risk of Developing Gastric Ulcers
 rx,,,,,Be the first to review it,,meloxicam submicronized oral, offlabel,,,,Ankylosing Spondylitis and High Risk of Developing Gastric Ulcers
 rx,,,,,Be the first to review it,,Fenortho oral, offlabel,,,,Ankylosing Spondylitis and High Risk of Developing Gastric Ulcers
 rx,,,,,Be the first to review it,,Solu-Cortef (PF) injection, label,,,,Ankylosing Spondylitis and High Risk of Developing Gastric Ulcers
 rx,,,,,Be the first to review it,,dexamethasone in 0.9 % sodium chloride intravenous, label,,,,Ankylosing Spondylitis and High Risk of Developing Gastric Ulcers
 rx,,,,,Be the first to review it,,Humira Pediatric Crohn's Starter subcutaneous, label,,,,Ankylosing Spondylitis and High Risk of Developing Gastric Ulcers
 rx,,,,,Be the first to review it,,secukinumab subcutaneous, label,,,,Ankylosing Spondylitis and High Risk of Developing Gastric Ulcers
 rx,,,,,Be the first to review it,,Cosentyx Pen subcutaneous, label,,,,Ankylosing Spondylitis and High Risk of Developing Gastric Ulcers
 rx,,,,,Be the first to review it,,Cosentyx (2 Syringes) subcutaneous, label,,,,Ankylosing Spondylitis and High Risk of Developing Gastric Ulcers
 rx,,,,,Be the first to review it,,Pro-C-Dure 5 injection, label,,,,Ankylosing Spondylitis and High Risk of Developing Gastric Ulcers
 rx,,,,,Be the first to review it,,Pro-C-Dure 6 injection, label,,,,Ankylosing Spondylitis and High Risk of Developing Gastric Ulcers
 rx,,,,,Be the first to review it,,Beta-1 injection, label,,,,Ankylosing Spondylitis and High Risk of Developing Gastric Ulcers
 rx,,,,,Be the first to review it,,DoubleDex injection, label,,,,Ankylosing Spondylitis and High Risk of Developing Gastric Ulcers
 rx,,,,,Be the first to review it,,Active Injection Kit D injection, label,,,,Ankylosing Spondylitis and High Risk of Developing Gastric Ulcers
 rx,,,,,36  User Reviews        ,,Botox injection, offlabel,,,,Anal Fissure
 rx,,,,,28  User Reviews        ,,Botox Cosmetic intramuscular, offlabel,,,,Anal Fissure
 rx,,,,,24  User Reviews        ,,Proctosol HC rectal, offlabel,,,,Anal Fissure
 rx,,,,,20  User Reviews        ,,hydrocortisone acetate rectal, offlabel,,,,Anal Fissure
 rx,,,,,19  User Reviews        ,,Proctozone-HC rectal, offlabel,,,,Anal Fissure
 rx,,,,,9  User Reviews        ,,Anusol-HC rectal, offlabel,,,,Anal Fissure
 rx,,,,,9  User Reviews        ,,Nitro-Bid transdermal, offlabel,,,,Anal Fissure
 rx,,,,,8  User Reviews        ,,Botox Cosmetic injection, offlabel,,,,Anal Fissure
 rx,,,,,6  User Reviews        ,,nitroglycerin transdermal, offlabel,,,,Anal Fissure
 rx,,,,,5  User Reviews        ,,hydrocortisone rectal, offlabel,,,,Anal Fissure
 rx,,,,,4  User Reviews        ,,Rectiv rectal, label,,,,Anal Fissure
 rx,,,,,1  User Reviews        ,,Proctocort rectal, offlabel,,,,Anal Fissure
 rx,,,,,1  User Reviews        ,,onabotulinumtoxinA intramuscular, offlabel,,,,Anal Fissure
 rx,,,,,1  User Reviews        ,,Procto-Med HC rectal, offlabel,,,,Anal Fissure
 rx,,,,,Be the first to review it,,Procto-Pak rectal, offlabel,,,,Anal Fissure
 rx,,,,,Be the first to review it,,onabotulinumtoxinA injection, offlabel,,,,Anal Fissure
 rx,,,,,Be the first to review it,,nitroglycerin rectal, label,,,,Anal Fissure
 rx,,,,,6  User Reviews        ,,Alcaine ophthalmic, label,,,,Anesthesia of the Cornea of the Eye
 rx,,,,,4  User Reviews        ,,Flurox ophthalmic, offlabel,,,,Anesthesia of the Cornea of the Eye
 rx,,,,,3  User Reviews        ,,tetracaine ophthalmic, label,,,,Anesthesia of the Cornea of the Eye
 rx,,,,,2  User Reviews        ,,Altafluor ophthalmic, offlabel,,,,Anesthesia of the Cornea of the Eye
 rx,,,,,1  User Reviews        ,,proparacaine ophthalmic, label,,,,Anesthesia of the Cornea of the Eye
 rx,,,,,Be the first to review it,,fluorescein-benoxinate ophthalmic, offlabel,,,,Anesthesia of the Cornea of the Eye
 rx,,,,,Be the first to review it,,fluorescein-proparacaine ophthalmic, offlabel,,,,Anesthesia of the Cornea of the Eye
 rx,,,,,Be the first to review it,,Flucaine ophthalmic, offlabel,,,,Anesthesia of the Cornea of the Eye
 rx,,,,,Be the first to review it,,Tetcaine ophthalmic, label,,,,Anesthesia of the Cornea of the Eye
 rx,,,,,Be the first to review it,,Tetravisc ophthalmic, label,,,,Anesthesia of the Cornea of the Eye
 rx,,,,,Be the first to review it,,Tetravisc Forte ophthalmic, label,,,,Anesthesia of the Cornea of the Eye
 rx,,,,,Be the first to review it,,tetracaine HCl (PF) ophthalmic, label,,,,Anesthesia of the Cornea of the Eye
 rx,,,,,Be the first to review it,,Altacaine ophthalmic, label,,,,Anesthesia of the Cornea of the Eye
 rx,,,,,25  User Reviews        ,,Alinia oral, label,,,,An Intestinal Infection due to Cryptosporidium Parasites
 rx,,,,,1  User Reviews        ,,nitazoxanide oral, label,,,,An Intestinal Infection due to Cryptosporidium Parasites
 rx,,,,,Be the first to review it,,paromomycin oral, offlabel,,,,An Intestinal Infection due to Cryptosporidium Parasites
